{
  "project_info": {
    "project_number": "382033848526",
    "project_id": "home-automation-d35cb",
    "storage_bucket": "home-automation-d35cb.firebasestorage.app"
  },
  "client": [
    {
      "client_info": {
        "mobilesdk_app_id": "1:382033848526:android:d165b9b6286e9728d1489f",
        "android_client_info": {
          "package_name": "com.iot.project"
        }
      },
      "oauth_client": [],
      "api_key": [
        {
          "current_key": "AIzaSyBW3OBsNr2YA7mpTTfefUMP6kr2CXvXmq4"
        }
      ],
      "services": {
        "appinvite_service": {
          "other_platform_oauth_client": []
        }
      }
    }
  ],
  "configuration_version": "1"
}